[
    {
        "fields": {
            "abstract": "",
            "data_collection_status": "db4dec28-85cb-4511-a938-1484e2f639f7",
            "date_created": "2019-06-14T21:21:15.641Z",
            "date_updated": "2019-06-20T22:35:36.610Z",
            "distribution_restriction": "a4e124cd-e2c5-4938-aaa5-c43fd6eef09e",
            "project": "f93a3d2f-3b87-450f-8349-d4a5ec6a9c9d",
            "study_site": "Saskatoon, SK",
            "title": "Dataset 1"
        },
        "model": "api.dataset",
        "pk": "039d2027-65d0-4145-8d7d-e9d7b107c43e"
    },
    {
        "fields": {
            "abstract": "",
            "data_collection_status": "ad06a00e-21d9-4e65-8453-61f35befd9bb",
            "date_created": "2019-06-20T22:35:22.713Z",
            "date_updated": "2019-06-20T22:35:22.713Z",
            "distribution_restriction": "5334f652-45bf-49cd-bc7f-a529847cbe7c",
            "project": "e9b292a6-e1d2-44c4-b3a7-a416303a33e2",
            "study_site": "Site 5",
            "title": "Dataset 5"
        },
        "model": "api.dataset",
        "pk": "4f709b35-e922-4792-b4b5-caccb20b910d"
    },
    {
        "fields": {
            "abstract": "",
            "data_collection_status": "db4dec28-85cb-4511-a938-1484e2f639f7",
            "date_created": "2019-06-14T21:43:49.843Z",
            "date_updated": "2019-06-20T22:35:52.491Z",
            "distribution_restriction": "9a0164ea-3c1e-4355-8c9b-283aeed9c036",
            "project": "48c6a561-9988-4d94-b046-b92d380313a6",
            "study_site": "",
            "title": "Dataset 2"
        },
        "model": "api.dataset",
        "pk": "d0bbaa92-70c3-4db2-821c-b1644e0bfe59"
    },
    {
        "fields": {
            "abstract": "",
            "data_collection_status": "144a7ee6-3b14-46e1-adbb-5f1034b31fd1",
            "date_created": "2019-06-20T22:36:12.424Z",
            "date_updated": "2019-06-20T22:36:12.424Z",
            "distribution_restriction": "5334f652-45bf-49cd-bc7f-a529847cbe7c",
            "project": "1dc95408-fae2-4a48-9405-67de4418b320",
            "study_site": "Site 3",
            "title": "Dataset 3"
        },
        "model": "api.dataset",
        "pk": "f034f2a3-f414-4cb1-a705-b66c287a5d30"
    },
    {
        "fields": {
            "abstract": "",
            "data_collection_status": "144a7ee6-3b14-46e1-adbb-5f1034b31fd1",
            "date_created": "2019-06-20T22:36:45.146Z",
            "date_updated": "2019-06-20T22:37:23.849Z",
            "distribution_restriction": "5334f652-45bf-49cd-bc7f-a529847cbe7c",
            "project": "11e2f167-6e1b-4577-951e-deabcfbd7366",
            "study_site": "Site 4",
            "title": "Dataset 4"
        },
        "model": "api.dataset",
        "pk": "f38e8536-faf4-408a-a8f3-9d8b74e3cdef"
    },
    {
        "fields": {
            "dataset": "d0bbaa92-70c3-4db2-821c-b1644e0bfe59",
            "date_created": "2019-06-21T03:00:34.917Z",
            "date_expires": "2019-06-25T23:59:59.999Z",
            "date_starts": "2019-06-25T07:00:00Z",
            "date_updated": "2019-06-21T03:00:34.917Z",
            "fields": "2",
            "group": "4100c877-71b5-4c45-b492-4fc8574a4461"
        },
        "model": "api.groupviewgrant",
        "pk": "16078277-a6cc-4146-a6e9-fea4588df6aa"
    },
    {
        "fields": {
            "dataset": "f38e8536-faf4-408a-a8f3-9d8b74e3cdef",
            "date_created": "2019-06-21T02:58:56.333Z",
            "date_expires": "2019-06-28T23:59:59.999Z",
            "date_starts": "2019-06-28T07:00:00Z",
            "date_updated": "2019-06-21T02:58:56.333Z",
            "fields": "1",
            "group": "3044a654-d3c6-4fb3-b596-0835a91c88d6"
        },
        "model": "api.groupviewgrant",
        "pk": "520a4226-6c21-4c2e-a893-77f1aeec7c25"
    },
    {
        "fields": {
            "dataset": "039d2027-65d0-4145-8d7d-e9d7b107c43e",
            "date_created": "2019-06-21T03:00:06.288Z",
            "date_expires": "2019-06-24T23:59:59.999Z",
            "date_starts": "2019-06-24T07:00:00Z",
            "date_updated": "2019-06-21T03:00:06.288Z",
            "fields": "5",
            "group": "548f800c-b09d-4bb3-89c2-61d830fa8fdc"
        },
        "model": "api.groupviewgrant",
        "pk": "56780f57-cc1c-49c7-a7cf-1df1acf507ef"
    },
    {
        "fields": {
            "dataset": "4f709b35-e922-4792-b4b5-caccb20b910d",
            "date_created": "2019-06-21T02:58:31.717Z",
            "date_expires": "2019-06-26T23:59:59.999Z",
            "date_starts": "2019-06-26T07:00:00Z",
            "date_updated": "2019-06-21T02:58:31.717Z",
            "fields": "3",
            "group": "a7dd53ae-adbf-4d5e-be6c-922ecc8b16c9"
        },
        "model": "api.groupviewgrant",
        "pk": "85241e12-a683-44ac-840e-8112f9137f2a"
    },
    {
        "fields": {
            "dataset": "f034f2a3-f414-4cb1-a705-b66c287a5d30",
            "date_created": "2019-06-21T02:59:24.536Z",
            "date_expires": "2019-06-27T23:59:59.999Z",
            "date_starts": "2019-06-27T07:00:00Z",
            "date_updated": "2019-06-21T02:59:24.536Z",
            "fields": "4",
            "group": "c65cb768-ede6-417d-b917-c534b00da1af"
        },
        "model": "api.groupviewgrant",
        "pk": "e0284642-449b-490c-bf26-ae02c9af1fd5"
    },
    {
        "fields": {
            "date_created": "2019-06-17T16:25:08.434Z",
            "date_updated": "2019-06-20T21:23:43.028Z",
            "display_name": "Location 1",
            "globus_endpoint": "dd1048df-7a35-4172-a19b-94eaeca0976c",
            "globus_path": "/1/test/location",
            "host_name": "location1.radiam.ca",
            "is_active": true,
            "location_type": "4ef2bf5a-ee68-4e5a-911f-31bb04058627",
            "notes": "",
            "portal_url": null
        },
        "model": "api.location",
        "pk": "5c690890-8df6-47d0-8c4d-addb3c9f4c0d"
    },
    {
        "fields": {
            "date_created": "2019-06-20T21:28:24.337Z",
            "date_updated": "2019-06-20T21:28:24.337Z",
            "display_name": "Location 2",
            "globus_endpoint": null,
            "globus_path": null,
            "host_name": "location2.radiam.ca",
            "is_active": true,
            "location_type": "faaaed1d-dc31-4047-ae08-9571b93b0e2f",
            "notes": "This is my laptop",
            "portal_url": null
        },
        "model": "api.location",
        "pk": "6fca238c-0545-4a3b-81c5-5cc68c44b7eb"
    },
    {
        "fields": {
            "date_created": "2019-06-20T21:29:02.478Z",
            "date_updated": "2019-06-20T21:29:02.478Z",
            "display_name": "Location 3",
            "globus_endpoint": null,
            "globus_path": null,
            "host_name": "location3.radiam.ca",
            "is_active": true,
            "location_type": "3a16f0c7-7be9-4fb8-9ee8-7248395e06e7",
            "notes": "This is our portal.",
            "portal_url": "https://www.radiam.ca"
        },
        "model": "api.location",
        "pk": "85eb1c3a-0309-4a12-83c4-f5e1c452c359"
    },
    {
        "fields": {
            "date_created": "2019-06-20T17:46:53.894Z",
            "date_updated": "2019-06-20T17:46:53.894Z",
            "description": "Group 2",
            "is_active": true,
            "level": 0,
            "lft": 1,
            "name": "Group 2",
            "parent_group": null,
            "rght": 4,
            "tree_id": 4
        },
        "model": "api.researchgroup",
        "pk": "3044a654-d3c6-4fb3-b596-0835a91c88d6"
    },
    {
        "fields": {
            "date_created": "2019-06-20T17:47:09.007Z",
            "date_updated": "2019-06-20T17:47:09.007Z",
            "description": "Group 4",
            "is_active": true,
            "level": 0,
            "lft": 1,
            "name": "Group 4",
            "parent_group": null,
            "rght": 2,
            "tree_id": 6
        },
        "model": "api.researchgroup",
        "pk": "4100c877-71b5-4c45-b492-4fc8574a4461"
    },
    {
        "fields": {
            "date_created": "2019-06-20T17:47:51.651Z",
            "date_updated": "2019-06-20T17:47:51.651Z",
            "description": "Group 10",
            "is_active": true,
            "level": 0,
            "lft": 1,
            "name": "Group 10",
            "parent_group": null,
            "rght": 2,
            "tree_id": 3
        },
        "model": "api.researchgroup",
        "pk": "4fbe1d15-a605-4e83-80cb-39990ec4a58c"
    },
    {
        "fields": {
            "date_created": "2019-06-20T17:47:17.839Z",
            "date_updated": "2019-06-20T17:47:17.839Z",
            "description": "Group 5",
            "is_active": true,
            "level": 0,
            "lft": 1,
            "name": "Group 5",
            "parent_group": null,
            "rght": 2,
            "tree_id": 7
        },
        "model": "api.researchgroup",
        "pk": "548f800c-b09d-4bb3-89c2-61d830fa8fdc"
    },
    {
        "fields": {
            "date_created": "2019-06-20T17:47:38.209Z",
            "date_updated": "2019-06-20T17:47:38.209Z",
            "description": "Group 8",
            "is_active": true,
            "level": 0,
            "lft": 1,
            "name": "Group 8",
            "parent_group": null,
            "rght": 2,
            "tree_id": 10
        },
        "model": "api.researchgroup",
        "pk": "56282090-8d69-44a0-9cfd-065646bbbb7c"
    },
    {
        "fields": {
            "date_created": "2019-06-20T17:47:44.641Z",
            "date_updated": "2019-06-20T17:47:44.641Z",
            "description": "Group 9",
            "is_active": true,
            "level": 0,
            "lft": 1,
            "name": "Group 9",
            "parent_group": null,
            "rght": 2,
            "tree_id": 11
        },
        "model": "api.researchgroup",
        "pk": "8c03790e-dd85-45aa-8650-de566bc5e2d5"
    },
    {
        "fields": {
            "date_created": "2019-06-20T17:48:02.891Z",
            "date_updated": "2019-06-20T17:48:02.891Z",
            "description": "Child 1",
            "is_active": true,
            "level": 1,
            "lft": 2,
            "name": "Child 1",
            "parent_group": "a7dd53ae-adbf-4d5e-be6c-922ecc8b16c9",
            "rght": 3,
            "tree_id": 2
        },
        "model": "api.researchgroup",
        "pk": "97f45722-d131-434b-a976-8f26ce39a600"
    },
    {
        "fields": {
            "date_created": "2019-06-14T21:17:01.941Z",
            "date_updated": "2019-06-14T21:17:01.941Z",
            "description": "Group 1",
            "is_active": true,
            "level": 0,
            "lft": 1,
            "name": "Group 1",
            "parent_group": null,
            "rght": 4,
            "tree_id": 2
        },
        "model": "api.researchgroup",
        "pk": "a7dd53ae-adbf-4d5e-be6c-922ecc8b16c9"
    },
    {
        "fields": {
            "date_created": "2019-06-20T17:47:24.473Z",
            "date_updated": "2019-06-20T17:47:24.473Z",
            "description": "Group 6",
            "is_active": true,
            "level": 0,
            "lft": 1,
            "name": "Group 6",
            "parent_group": null,
            "rght": 2,
            "tree_id": 8
        },
        "model": "api.researchgroup",
        "pk": "b1396ed8-1b5d-49e5-aa0a-c62f5f1761f3"
    },
    {
        "fields": {
            "date_created": "2019-06-20T17:47:00.353Z",
            "date_updated": "2019-06-20T17:47:00.353Z",
            "description": "Group 3",
            "is_active": true,
            "level": 0,
            "lft": 1,
            "name": "Group 3",
            "parent_group": null,
            "rght": 2,
            "tree_id": 5
        },
        "model": "api.researchgroup",
        "pk": "c65cb768-ede6-417d-b917-c534b00da1af"
    },
    {
        "fields": {
            "date_created": "2019-06-14T21:15:51.992Z",
            "date_updated": "2019-06-14T21:15:51.992Z",
            "description": "All users in this Radiam instance",
            "is_active": true,
            "level": 0,
            "lft": 1,
            "name": "All Users",
            "parent_group": null,
            "rght": 2,
            "tree_id": 1
        },
        "model": "api.researchgroup",
        "pk": "cb03b55d-873f-4a0e-8208-07f960fa5032"
    },
    {
        "fields": {
            "date_created": "2019-06-20T17:47:31.775Z",
            "date_updated": "2019-06-20T17:47:31.775Z",
            "description": "Group 7",
            "is_active": true,
            "level": 0,
            "lft": 1,
            "name": "Group 7",
            "parent_group": null,
            "rght": 2,
            "tree_id": 9
        },
        "model": "api.researchgroup",
        "pk": "d08f92c3-922e-47e6-88f7-134005a4ddd4"
    },
    {
        "fields": {
            "date_created": "2019-06-20T17:48:16.150Z",
            "date_updated": "2019-06-20T17:48:16.150Z",
            "description": "Child 2",
            "is_active": true,
            "level": 1,
            "lft": 2,
            "name": "Child 2",
            "parent_group": "3044a654-d3c6-4fb3-b596-0835a91c88d6",
            "rght": 3,
            "tree_id": 4
        },
        "model": "api.researchgroup",
        "pk": "d69ad2b6-e8b0-4be8-9cc5-af373f98daf7"
    },
    {
        "fields": {
            "date_created": "2019-06-19T22:05:06.074Z",
            "date_joined": "2019-06-19T22:05:06.074Z",
            "date_updated": "2019-06-19T22:05:06.074Z",
            "email": "eight@usask.ca",
            "first_name": "Eight",
            "groups": [],
            "is_active": true,
            "is_staff": false,
            "is_superuser": false,
            "last_login": null,
            "last_name": "Huit",
            "notes": "",
            "password": "",
            "time_zone_id": null,
            "user_permissions": [],
            "user_uuid": "73a35add-992a-45bf-9fad-75593e26a04a",
            "username": "person8"
        },
        "model": "api.user",
        "pk": "11e4d760-2ad8-4b02-9c13-fe20cb6253ba"
    },
    {
        "fields": {
            "date_created": "2019-06-19T22:01:50.595Z",
            "date_joined": "2019-06-19T22:01:50.594Z",
            "date_updated": "2019-06-19T22:01:50.595Z",
            "email": "one@usask.ca",
            "first_name": "One",
            "groups": [],
            "is_active": true,
            "is_staff": false,
            "is_superuser": false,
            "last_login": null,
            "last_name": "Uno",
            "notes": "",
            "password": "",
            "time_zone_id": null,
            "user_permissions": [],
            "user_uuid": "c3082fda-bfc4-472b-b657-9061cbd43c95",
            "username": "person1"
        },
        "model": "api.user",
        "pk": "1379de3e-2a99-4122-aa95-30d7287e5d49"
    },
    {
        "fields": {
            "date_created": "2019-06-19T22:04:04.731Z",
            "date_joined": "2019-06-19T22:04:04.730Z",
            "date_updated": "2019-06-19T22:04:04.731Z",
            "email": "six@usask.ca",
            "first_name": "Six",
            "groups": [],
            "is_active": true,
            "is_staff": false,
            "is_superuser": false,
            "last_login": null,
            "last_name": "Six",
            "notes": "",
            "password": "",
            "time_zone_id": null,
            "user_permissions": [],
            "user_uuid": "584be3d2-35fe-4b0b-a5b0-a7161f6ac8ba",
            "username": "person6"
        },
        "model": "api.user",
        "pk": "64674111-b392-49c6-a2e4-f88933249ed2"
    },
    {
        "fields": {
            "date_created": "2019-06-19T22:05:58.750Z",
            "date_joined": "2019-06-19T22:05:58.750Z",
            "date_updated": "2019-06-19T22:05:58.750Z",
            "email": "ten@usask.ca",
            "first_name": "Ten",
            "groups": [],
            "is_active": true,
            "is_staff": false,
            "is_superuser": false,
            "last_login": null,
            "last_name": "Dix",
            "notes": "",
            "password": "",
            "time_zone_id": null,
            "user_permissions": [],
            "user_uuid": "5d05c8aa-8d58-4d6f-93ff-0c4ba7d4578e",
            "username": "person10"
        },
        "model": "api.user",
        "pk": "6e897d6d-cbed-4868-85c0-ca3f9a6827e9"
    },
    {
        "fields": {
            "date_created": "2019-06-19T22:03:08.572Z",
            "date_joined": "2019-06-19T22:03:08.572Z",
            "date_updated": "2019-06-20T17:40:09.055Z",
            "email": "three@usask.ca",
            "first_name": "Four",
            "groups": [],
            "is_active": true,
            "is_staff": false,
            "is_superuser": false,
            "last_login": null,
            "last_name": "Quatre",
            "notes": "First",
            "password": "",
            "time_zone_id": null,
            "user_permissions": [],
            "user_uuid": "3d572f60-34a2-4701-8856-9847178eaee9",
            "username": "person4"
        },
        "model": "api.user",
        "pk": "75a2c9bf-a098-4d47-b6b7-ea53079dc820"
    },
    {
        "fields": {
            "date_created": "2019-06-19T22:05:22.868Z",
            "date_joined": "2019-06-19T22:05:22.868Z",
            "date_updated": "2019-06-19T22:05:22.868Z",
            "email": "nine@usask.ca",
            "first_name": "Nine",
            "groups": [],
            "is_active": true,
            "is_staff": false,
            "is_superuser": false,
            "last_login": null,
            "last_name": "Neuf",
            "notes": "",
            "password": "",
            "time_zone_id": null,
            "user_permissions": [],
            "user_uuid": "5ab9d483-4b2e-4a46-9df8-e7659cb91b9c",
            "username": "person9"
        },
        "model": "api.user",
        "pk": "95ecf7ac-136c-4aea-9fdb-551acceedf14"
    },
    {
        "fields": {
            "date_created": "2019-06-19T22:02:34.702Z",
            "date_joined": "2019-06-19T22:02:34.702Z",
            "date_updated": "2019-06-19T22:02:34.702Z",
            "email": "three@usask.ca",
            "first_name": "Three",
            "groups": [],
            "is_active": true,
            "is_staff": false,
            "is_superuser": false,
            "last_login": null,
            "last_name": "Trois",
            "notes": "",
            "password": "",
            "time_zone_id": null,
            "user_permissions": [],
            "user_uuid": "ba61e74a-6c0a-4628-9c40-a39846f19cc3",
            "username": "person3"
        },
        "model": "api.user",
        "pk": "a0de045e-b22c-4916-b519-11171bfbe3cd"
    },
    {
        "fields": {
            "date_created": "2019-06-19T22:04:22.464Z",
            "date_joined": "2019-06-19T22:04:22.464Z",
            "date_updated": "2019-06-19T22:04:22.464Z",
            "email": "seven@usask.ca",
            "first_name": "Seven",
            "groups": [],
            "is_active": true,
            "is_staff": false,
            "is_superuser": false,
            "last_login": null,
            "last_name": "Sept",
            "notes": "",
            "password": "",
            "time_zone_id": null,
            "user_permissions": [],
            "user_uuid": "8a994625-6da8-4412-a8c4-696cdbf7e859",
            "username": "person7"
        },
        "model": "api.user",
        "pk": "b4529d45-9d2e-46a2-9737-974bfe2e71b7"
    },
    {
        "fields": {
            "date_created": "2019-06-19T22:02:18.802Z",
            "date_joined": "2019-06-19T22:02:18.801Z",
            "date_updated": "2019-06-20T15:22:43.203Z",
            "email": "two@usask.ca",
            "first_name": "Two",
            "groups": [],
            "is_active": true,
            "is_staff": false,
            "is_superuser": false,
            "last_login": null,
            "last_name": "Duo",
            "notes": "Last",
            "password": "",
            "time_zone_id": null,
            "user_permissions": [],
            "user_uuid": "7fb83603-348d-405b-8ad7-7cd7645679dc",
            "username": "person2"
        },
        "model": "api.user",
        "pk": "be319254-1438-4870-895d-7f04925599d6"
    },
    {
        "fields": {
            "date_created": "2019-06-14T21:16:25.606Z",
            "date_joined": "2019-06-14T21:16:25.606Z",
            "date_updated": "2019-06-14T21:16:25.606Z",
            "email": "akm220@usask.ca",
            "first_name": "",
            "groups": [],
            "is_active": true,
            "is_staff": true,
            "is_superuser": true,
            "last_login": "2019-06-21T03:32:29.339Z",
            "last_name": "",
            "notes": null,
            "password": "pbkdf2_sha256$150000$saAArhhU46M2$H9ISJ7nHL+6kgaSg7WOW+xutSAoin0NzmvpRCNInPXI=",
            "time_zone_id": null,
            "user_permissions": [],
            "user_uuid": "7c9b1f6c-f7ea-43d3-9005-26e015a05bdf",
            "username": "admin"
        },
        "model": "api.user",
        "pk": "c10d66ad-93c8-485f-98d6-aa4b6b8389df"
    },
    {
        "fields": {
            "date_created": "2019-06-19T22:06:18.205Z",
            "date_joined": "2019-06-19T22:06:18.205Z",
            "date_updated": "2019-06-19T22:06:18.205Z",
            "email": "eleven@usask.ca",
            "first_name": "Eleven",
            "groups": [],
            "is_active": true,
            "is_staff": false,
            "is_superuser": false,
            "last_login": null,
            "last_name": "Once",
            "notes": "",
            "password": "",
            "time_zone_id": null,
            "user_permissions": [],
            "user_uuid": "6fbeb88f-4b27-4d9e-a83c-0464adb7f5f1",
            "username": "person11"
        },
        "model": "api.user",
        "pk": "e580586f-1b94-440a-9b95-d87d18b9ed6c"
    },
    {
        "fields": {
            "date_created": "2019-06-19T22:03:32.687Z",
            "date_joined": "2019-06-19T22:03:32.687Z",
            "date_updated": "2019-06-19T22:03:32.687Z",
            "email": "five@usask.ca",
            "first_name": "Five",
            "groups": [],
            "is_active": true,
            "is_staff": false,
            "is_superuser": false,
            "last_login": null,
            "last_name": "Cinq",
            "notes": "",
            "password": "",
            "time_zone_id": null,
            "user_permissions": [],
            "user_uuid": "ce05d619-87bc-41ea-96fe-a9553e5b30d1",
            "username": "person5"
        },
        "model": "api.user",
        "pk": "ea12b5c7-e5b3-470c-b0be-9717808db635"
    },
    {
        "fields": {
            "date_created": "2019-06-21T03:46:27.518Z",
            "date_updated": "2019-06-21T03:46:27.518Z",
            "location": "85eb1c3a-0309-4a12-83c4-f5e1c452c359",
            "user": "a0de045e-b22c-4916-b519-11171bfbe3cd"
        },
        "model": "api.useragent",
        "pk": "1e79d890-f56d-49dd-86d6-b09c8cf5de27"
    },
    {
        "fields": {
            "date_created": "2019-06-21T03:46:16.807Z",
            "date_updated": "2019-06-21T03:46:16.807Z",
            "location": "5c690890-8df6-47d0-8c4d-addb3c9f4c0d",
            "user": "1379de3e-2a99-4122-aa95-30d7287e5d49"
        },
        "model": "api.useragent",
        "pk": "20608120-3f41-493a-9ed5-9bf10376cc80"
    },
    {
        "fields": {
            "date_created": "2019-06-21T03:46:06.453Z",
            "date_updated": "2019-06-21T03:46:06.453Z",
            "location": "6fca238c-0545-4a3b-81c5-5cc68c44b7eb",
            "user": "c10d66ad-93c8-485f-98d6-aa4b6b8389df"
        },
        "model": "api.useragent",
        "pk": "e5fed433-97c7-4665-bf19-a1574d840761"
    },
    {
        "fields": {
            "avatar": "aa94a304-e11c-4db6-8cde-98aca9f52043",
            "date_created": "2019-06-14T21:43:11.912Z",
            "date_updated": "2019-06-20T22:12:09.810Z",
            "group": "3044a654-d3c6-4fb3-b596-0835a91c88d6",
            "keywords": "Two",
            "name": "Project 2",
            "number": null,
            "primary_contact_user": "be319254-1438-4870-895d-7f04925599d6"
        },
        "model": "api.project",
        "pk": "11e2f167-6e1b-4577-951e-deabcfbd7366"
    },
    {
        "fields": {
            "avatar": "c0d70220-b926-46f3-8325-89937e9784d1",
            "date_created": "2019-06-17T16:22:26.727Z",
            "date_updated": "2019-06-20T22:11:37.458Z",
            "group": "c65cb768-ede6-417d-b917-c534b00da1af",
            "keywords": "",
            "name": "Project 3",
            "number": null,
            "primary_contact_user": "a0de045e-b22c-4916-b519-11171bfbe3cd"
        },
        "model": "api.project",
        "pk": "1dc95408-fae2-4a48-9405-67de4418b320"
    },
    {
        "fields": {
            "avatar": "d8741d78-5b2f-43e7-baf2-6ad4b1895e89",
            "date_created": "2019-06-17T18:21:46.677Z",
            "date_updated": "2019-06-20T22:12:01.988Z",
            "group": "4100c877-71b5-4c45-b492-4fc8574a4461",
            "keywords": "Four",
            "name": "Project 4",
            "number": null,
            "primary_contact_user": "75a2c9bf-a098-4d47-b6b7-ea53079dc820"
        },
        "model": "api.project",
        "pk": "48c6a561-9988-4d94-b046-b92d380313a6"
    },
    {
        "fields": {
            "avatar": "e81c7fb0-1895-4c34-b846-1e6acbfd2f59",
            "date_created": "2019-06-14T21:17:25.104Z",
            "date_updated": "2019-06-20T22:12:18.929Z",
            "group": "a7dd53ae-adbf-4d5e-be6c-922ecc8b16c9",
            "keywords": "One",
            "name": "Project 1",
            "number": null,
            "primary_contact_user": "c10d66ad-93c8-485f-98d6-aa4b6b8389df"
        },
        "model": "api.project",
        "pk": "e9b292a6-e1d2-44c4-b3a7-a416303a33e2"
    },
    {
        "fields": {
            "avatar": "da8ab3e5-a56a-40fd-9629-8a91d2c18507",
            "date_created": "2019-06-17T18:22:09.393Z",
            "date_updated": "2019-06-20T22:12:28.978Z",
            "group": "548f800c-b09d-4bb3-89c2-61d830fa8fdc",
            "keywords": "Five",
            "name": "Project 5",
            "number": null,
            "primary_contact_user": "ea12b5c7-e5b3-470c-b0be-9717808db635"
        },
        "model": "api.project",
        "pk": "f93a3d2f-3b87-450f-8349-d4a5ec6a9c9d"
    },
    {
        "fields": {
            "date_created": "2019-06-20T20:50:31.247Z",
            "date_expires": null,
            "date_updated": "2019-06-20T20:50:31.247Z",
            "group": "97f45722-d131-434b-a976-8f26ce39a600",
            "group_role": "a59be619-fd9b-462b-8643-486e68f38613",
            "is_active": true,
            "user": "be319254-1438-4870-895d-7f04925599d6"
        },
        "model": "api.groupmember",
        "pk": "2cc140ef-3794-4a07-916b-d8fc133d1752"
    },
    {
        "fields": {
            "date_created": "2019-06-20T20:42:49.292Z",
            "date_expires": null,
            "date_updated": "2019-06-20T20:42:49.292Z",
            "group": "c65cb768-ede6-417d-b917-c534b00da1af",
            "group_role": "bb7792ee-c7f6-4815-ae24-506fc00d3169",
            "is_active": true,
            "user": "1379de3e-2a99-4122-aa95-30d7287e5d49"
        },
        "model": "api.groupmember",
        "pk": "72d6853d-ea3e-4183-85c6-30787d31f4d2"
    },
    {
        "fields": {
            "date_created": "2019-06-20T20:50:50.995Z",
            "date_expires": null,
            "date_updated": "2019-06-20T21:05:22.897Z",
            "group": "56282090-8d69-44a0-9cfd-065646bbbb7c",
            "group_role": "c4e21cc8-a446-4b38-9879-f2af71c227c3",
            "is_active": true,
            "user": "a0de045e-b22c-4916-b519-11171bfbe3cd"
        },
        "model": "api.groupmember",
        "pk": "8bd05e07-25b7-45cb-bd71-3700121a8228"
    },
    {
        "fields": {
            "date_created": "2019-06-20T20:54:03.156Z",
            "date_expires": null,
            "date_updated": "2019-06-20T20:54:03.156Z",
            "group": "8c03790e-dd85-45aa-8650-de566bc5e2d5",
            "group_role": "a59be619-fd9b-462b-8643-486e68f38613",
            "is_active": true,
            "user": "c10d66ad-93c8-485f-98d6-aa4b6b8389df"
        },
        "model": "api.groupmember",
        "pk": "a3cb5710-c7fe-4505-8926-d73d6ef3d526"
    }
]
