[
{
    "model": "api.user",
    "pk": "169c6cfa-ee4d-437d-bb76-39930493c1e3",
    "fields": {
        "password": "pbkdf2_sha256$150000$rn6pnueW996T$ESpARpEb9ZeJgUlmyQ6goBo4eNxU/qffm+Xo3Sv53/k=",
        "last_login": null,
        "is_superuser": false,
        "username": "testuser4",
        "first_name": "Test",
        "last_name": "User4",
        "email": "testuser4@example.com",
        "is_staff": false,
        "is_active": true,
        "date_joined": "2019-04-25T16:47:23.341Z",
        "user_uuid": "95fad358-e891-4ad7-9a7c-689ba26093c1",
        "time_zone_id": "",
        "date_created": "2019-04-25T16:47:23.341Z",
        "date_updated": "2019-04-25T16:47:23.341Z",
        "notes": "Test user 4 for use with project 2",
        "groups": [],
        "user_permissions": []
    }
},
{
    "model": "api.user",
    "pk": "546cdbf4-c30c-4566-9195-087b7876c660",
    "fields": {
        "password": "pbkdf2_sha256$150000$xun0yOr6qdcp$OUwLkIJ2rUPmio35+WxPsRGIZlIO+q2JFdDZpy05z2Y=",
        "last_login": "2019-04-24T19:55:40.405Z",
        "is_superuser": true,
        "username": "admin",
        "first_name": "",
        "last_name": "",
        "email": "admin@example.com",
        "is_staff": true,
        "is_active": true,
        "date_joined": "2019-04-09T20:57:33.125Z",
        "user_uuid": "334afead-f6ce-422f-aa28-bedfba0e15e1",
        "time_zone_id": null,
        "date_created": "2019-04-09T20:57:33.125Z",
        "date_updated": "2019-04-09T20:57:33.125Z",
        "notes": null,
        "groups": [],
        "user_permissions": []
    }
},
{
    "model": "api.user",
    "pk": "82d0770c-be1a-4748-a1f9-e5f3712809c2",
    "fields": {
        "password": "pbkdf2_sha256$150000$rDTYeukAmc45$NXztm+v4UDDI70czJQFms0im0xtzVUQ03USHVb0hwOE=",
        "last_login": "2019-04-24T19:46:18.424Z",
        "is_superuser": false,
        "username": "testuser2",
        "first_name": "Test",
        "last_name": "User2",
        "email": "testuser2@example.com",
        "is_staff": false,
        "is_active": true,
        "date_joined": "2019-04-10T15:39:37.447Z",
        "user_uuid": "9caa942b-b55b-40d2-abe8-91be254bbdec",
        "time_zone_id": "",
        "date_created": "2019-04-10T15:39:37.447Z",
        "date_updated": "2019-04-10T15:39:37.447Z",
        "notes": "",
        "groups": [],
        "user_permissions": []
    }
},
{
    "model": "api.user",
    "pk": "91048ba0-3ea4-4287-8f08-dca141db1fa9",
    "fields": {
        "password": "pbkdf2_sha256$150000$A1aRgUyEKKF1$wmkvCCxlEjia0UF/8q+na7ssnSGJgGh0isZwcEbElRA=",
        "last_login": "2019-04-16T18:04:30.446Z",
        "is_superuser": false,
        "username": "testuser3",
        "first_name": "Test",
        "last_name": "User3",
        "email": "testuser3@example.com",
        "is_staff": false,
        "is_active": true,
        "date_joined": "2019-04-10T15:43:16.628Z",
        "user_uuid": "9c40c123-b8cf-4f2f-8b42-baf69dd94dbe",
        "time_zone_id": "",
        "date_created": "2019-04-10T15:43:16.628Z",
        "date_updated": "2019-04-10T15:43:16.628Z",
        "notes": "",
        "groups": [],
        "user_permissions": []
    }
},
{
    "model": "api.user",
    "pk": "a69a1271-1591-4db6-b310-720e43a5edcc",
    "fields": {
        "password": "pbkdf2_sha256$150000$TAwyGpLAF8BV$b9FZJe+M1PfLAw2d7KqLOCGRwSGylCgKNwwZYSRj/4c=",
        "last_login": null,
        "is_superuser": false,
        "username": "testuser5",
        "first_name": "Test",
        "last_name": "User5",
        "email": "testuser5@example.com",
        "is_staff": false,
        "is_active": true,
        "date_joined": "2019-04-25T16:48:10.628Z",
        "user_uuid": "d5d74d20-fa8b-4a69-a6f8-fe830c9837ee",
        "time_zone_id": "",
        "date_created": "2019-04-25T16:48:10.628Z",
        "date_updated": "2019-04-25T16:48:10.628Z",
        "notes": "Test user 5 for use with project 2",
        "groups": [],
        "user_permissions": []
    }
},
{
    "model": "api.user",
    "pk": "d21c9ee8-1c16-4915-a55f-ded4267b1c86",
    "fields": {
        "password": "pbkdf2_sha256$150000$f0793Ayryrpr$Z9nI6FS6PG3Z8M9wzQZODF7y+GquelSzXmQmmHkVeIA=",
        "last_login": null,
        "is_superuser": false,
        "username": "testuser6",
        "first_name": "Test",
        "last_name": "User6",
        "email": "testuser6@example.com",
        "is_staff": false,
        "is_active": true,
        "date_joined": "2019-04-25T16:48:33.324Z",
        "user_uuid": "f74a5b32-bebb-4834-bb90-82ec908af8cb",
        "time_zone_id": "",
        "date_created": "2019-04-25T16:48:33.324Z",
        "date_updated": "2019-04-25T16:48:33.324Z",
        "notes": "Test user 6 for use with project 2",
        "groups": [],
        "user_permissions": []
    }
},
{
    "model": "api.user",
    "pk": "f04443a7-7b40-4642-9f39-996311f03f4b",
    "fields": {
        "password": "pbkdf2_sha256$150000$TN7W89Kbgtx7$lSpe5f4rw2KNp+cZgbblJaWh4VPpyj1Cp8/M7VUkURU=",
        "last_login": "2019-04-17T18:47:30.968Z",
        "is_superuser": false,
        "username": "testuser1",
        "first_name": "Test",
        "last_name": "User1",
        "email": "testuser1@example.com",
        "is_staff": false,
        "is_active": true,
        "date_joined": "2019-04-10T15:36:49.854Z",
        "user_uuid": "40c9b054-984c-4f59-bbc8-80b37470d3fd",
        "time_zone_id": "",
        "date_created": "2019-04-10T15:36:49.854Z",
        "date_updated": "2019-04-12T16:09:09.712Z",
        "notes": "some notes",
        "groups": [],
        "user_permissions": []
    }
},
{
    "model": "api.researchgroup",
    "pk": "13bdaa4d-e200-419a-b8ef-466b1355cb79",
    "fields": {
        "parent_group": null,
        "name": "Parent Group1",
        "description": "Parent Group",
        "date_created": "2019-05-14T20:26:31.352Z",
        "date_updated": "2019-05-14T20:29:53.903Z",
        "is_active": true,
        "lft": 1,
        "rght": 10,
        "tree_id": 2,
        "level": 0
    }
},
{
    "model": "api.researchgroup",
    "pk": "9f9c5261-4167-4e77-9110-b3206b594091",
    "fields": {
        "parent_group": null,
        "name": "Test Research Group 3",
        "description": "Test Research Group 3",
        "date_created": "2019-04-10T15:51:00Z",
        "date_updated": "2019-04-10T15:52:20.345Z",
        "is_active": true,
        "lft": 1,
        "rght": 2,
        "tree_id": 5,
        "level": 0
    }
},
{
    "model": "api.researchgroup",
    "pk": "1cc80efd-83c6-488d-a722-73abdd4e5ce7",
    "fields": {
        "parent_group": null,
        "name": "Test Research Group 2",
        "description": "Test Research Group 2",
        "date_created": "2019-05-14T20:39:29.318Z",
        "date_updated": "2019-05-14T20:40:36.633Z",
        "is_active": true,
        "lft": 1,
        "rght": 2,
        "tree_id": 4,
        "level": 0
    }
},
{
    "model": "api.researchgroup",
    "pk": "a63adce6-2902-4eb0-a187-7f2bbfcd080e",
    "fields": {
        "parent_group": "13bdaa4d-e200-419a-b8ef-466b1355cb79",
        "name": "Child Group 1",
        "description": "Child Group 1",
        "date_created": "2019-05-14T20:30:12.399Z",
        "date_updated": "2019-05-14T20:30:12.399Z",
        "is_active": true,
        "lft": 2,
        "rght": 7,
        "tree_id": 2,
        "level": 1
    }
},
{
    "model": "api.researchgroup",
    "pk": "afafb869-fe30-4988-b458-865430c9dc5a",
    "fields": {
        "parent_group": "13bdaa4d-e200-419a-b8ef-466b1355cb79",
        "name": "Child Group 2",
        "description": "Child Group 2",
        "date_created": "2019-05-14T20:30:54.119Z",
        "date_updated": "2019-05-14T20:30:54.119Z",
        "is_active": true,
        "lft": 8,
        "rght": 9,
        "tree_id": 2,
        "level": 1
    }
},
{
    "model": "api.researchgroup",
    "pk": "cedae8c6-c30f-41a4-9b6f-8c1adb87f98a",
    "fields": {
        "parent_group": "a63adce6-2902-4eb0-a187-7f2bbfcd080e",
        "name": "Grandchild Group 1",
        "description": "Grandchild Group 1",
        "date_created": "2019-05-14T20:30:30.019Z",
        "date_updated": "2019-05-14T20:30:30.019Z",
        "is_active": true,
        "lft": 3,
        "rght": 4,
        "tree_id": 2,
        "level": 2
    }
},
{
    "model": "api.researchgroup",
    "pk": "718aaa07-0891-4931-8c73-1304f4a21d0d",
    "fields": {
        "parent_group": "cb03b55d-873f-4a0e-8208-07f960fa5032",
        "name": "Test Research Group 1",
        "description": "Test Research Group 1",
        "date_created": "2019-04-10T15:50:43.865Z",
        "date_updated": "2019-04-10T15:51:54.744Z",
        "is_active": true,
        "lft": 1,
        "rght": 2,
        "tree_id": 3,
        "level": 0
    }
},
{
    "model": "api.grouprole",
    "pk": "a59be619-fd9b-462b-8643-486e68f38613",
    "fields": {
        "label": "group.role.admin",
        "description": "group.role.admin.description"
    }
},
{
    "model": "api.grouprole",
    "pk": "bb7792ee-c7f6-4815-ae24-506fc00d3169",
    "fields": {
        "label": "group.role.member",
        "description": "group.role.member.description"
    }
},
{
    "model": "api.grouprole",
    "pk": "c4e21cc8-a446-4b38-9879-f2af71c227c3",
    "fields": {
        "label": "group.role.datamanager",
        "description": "group.role.datamanager.description"
    }
},
{
    "model": "api.groupmember",
    "pk": "21e37f9a-886d-4ca0-822f-823c4fbcd66a",
    "fields": {
        "group": "718aaa07-0891-4931-8c73-1304f4a21d0d",
        "group_role": "c4e21cc8-a446-4b38-9879-f2af71c227c3",
        "user": "82d0770c-be1a-4748-a1f9-e5f3712809c2",
        "is_active": true,
        "date_created": "2019-04-12T15:17:04.287Z",
        "date_updated": "2019-04-16T16:15:15.399Z",
        "date_expires": null
    }
},
{
    "model": "api.groupmember",
    "pk": "59c7e9b8-f609-48d3-94a6-5360de9b8a43",
    "fields": {
        "group": "1cc80efd-83c6-488d-a722-73abdd4e5ce7",
        "group_role": "c4e21cc8-a446-4b38-9879-f2af71c227c3",
        "user": "a69a1271-1591-4db6-b310-720e43a5edcc",
        "is_active": true,
        "date_created": "2019-04-25T16:50:35.343Z",
        "date_updated": "2019-04-25T16:50:35.343Z",
        "date_expires": null
    }
},
{
    "model": "api.groupmember",
    "pk": "81656c95-3c0d-4ddd-8575-fdacacc5c21b",
    "fields": {
        "group": "718aaa07-0891-4931-8c73-1304f4a21d0d",
        "group_role": "bb7792ee-c7f6-4815-ae24-506fc00d3169",
        "user": "91048ba0-3ea4-4287-8f08-dca141db1fa9",
        "is_active": true,
        "date_created": "2019-04-16T16:17:20.078Z",
        "date_updated": "2019-04-16T16:17:20.078Z",
        "date_expires": null
    }
},
{
    "model": "api.groupmember",
    "pk": "8b8895aa-437f-4af5-95d7-e16cff14eb03",
    "fields": {
        "group": "1cc80efd-83c6-488d-a722-73abdd4e5ce7",
        "group_role": "a59be619-fd9b-462b-8643-486e68f38613",
        "user": "169c6cfa-ee4d-437d-bb76-39930493c1e3",
        "is_active": true,
        "date_created": "2019-04-25T16:49:07.357Z",
        "date_updated": "2019-04-25T16:49:07.357Z",
        "date_expires": null
    }
},
{
    "model": "api.groupmember",
    "pk": "b56abbd6-34b4-4cbe-a88c-e44735318b09",
    "fields": {
        "group": "1cc80efd-83c6-488d-a722-73abdd4e5ce7",
        "group_role": "bb7792ee-c7f6-4815-ae24-506fc00d3169",
        "user": "d21c9ee8-1c16-4915-a55f-ded4267b1c86",
        "is_active": true,
        "date_created": "2019-04-25T16:50:44.449Z",
        "date_updated": "2019-04-25T16:50:44.449Z",
        "date_expires": null
    }
},
{
    "model": "api.groupmember",
    "pk": "d246ea39-192a-4848-a003-493598f6f38e",
    "fields": {
        "group": "718aaa07-0891-4931-8c73-1304f4a21d0d",
        "group_role": "a59be619-fd9b-462b-8643-486e68f38613",
        "user": "f04443a7-7b40-4642-9f39-996311f03f4b",
        "is_active": true,
        "date_created": "2019-04-11T22:26:43.789Z",
        "date_updated": "2019-04-11T22:26:43.789Z",
        "date_expires": null
    }
},
{
    "model": "api.groupmember",
    "pk": "51866384-c67d-4f56-994a-71539c00794c",
    "fields": {
        "group": "9f9c5261-4167-4e77-9110-b3206b594091",
        "group_role": "a59be619-fd9b-462b-8643-486e68f38613",
        "user": "f04443a7-7b40-4642-9f39-996311f03f4b",
        "is_active": true,
        "date_created": "2019-04-30T16:20:02.768Z",
        "date_updated": "2019-04-30T16:20:02.768Z",
        "date_expires": null
    }
},
{
    "model": "api.groupmember",
    "pk": "55cbb0f8-e19f-4ea0-a90e-37ed9ab250f0",
    "fields": {
        "group": "1cc80efd-83c6-488d-a722-73abdd4e5ce7",
        "group_role": "bb7792ee-c7f6-4815-ae24-506fc00d3169",
        "user": "f04443a7-7b40-4642-9f39-996311f03f4b",
        "is_active": true,
        "date_created": "2019-04-29T19:46:03.993Z",
        "date_updated": "2019-04-29T19:46:03.993Z",
        "date_expires": null
    }
},
{
    "model": "api.groupviewgrant",
    "pk": "a2d0a0e8-74b3-408a-bff0-20de29253f59",
    "fields": {
        "group": "718aaa07-0891-4931-8c73-1304f4a21d0d",
        "dataset": "6739882a-4bc5-4e1b-9159-18109c6b4464",
        "fields": "test fields",
        "date_created": "2019-04-30T19:53:01.839Z",
        "date_updated": "2019-04-30T19:53:01.839Z",
        "date_starts": null,
        "date_expires": null
    }
},
{
    "model": "api.groupviewgrant",
    "pk": "74954372-ed85-4ca9-b868-b3ea6d87a1e6",
    "fields": {
        "group": "9f9c5261-4167-4e77-9110-b3206b594091",
        "dataset": "46e686c6-551a-4b31-a0e5-6a862d43bfce",
        "fields": "test fields",
        "date_created": "2019-04-30T19:53:01.839Z",
        "date_updated": "2019-04-30T19:53:01.839Z",
        "date_starts": null,
        "date_expires": null
    }
},
{
    "model": "api.groupviewgrant",
    "pk": "e2e2e7b1-3e27-470c-9cf3-6ccbd82f8ec6",
    "fields": {
        "group": "1cc80efd-83c6-488d-a722-73abdd4e5ce7",
        "dataset": "7492d321-10c7-4cba-9891-e5db63b20bce",
        "fields": "test fields",
        "date_created": "2019-04-30T19:58:16.961Z",
        "date_updated": "2019-04-30T19:58:16.961Z",
        "date_starts": null,
        "date_expires": null
    }
},
{
    "model": "api.projectstatistics",
    "pk": "4533201c-3878-42fd-93ca-695421824896",
    "fields": {
        "project": "69c35620-cca7-4fd6-a84e-35ff3b34b24a",
        "stat_date": "2019-05-13T00:00:00Z",
        "stat_key": "key",
        "stat_qualifier": "qualifer",
        "stat_value": "value"
    }
},
{
    "model": "api.projectstatistics",
    "pk": "a44ae383-113a-4221-98b5-fa9304d1a2b1",
    "fields": {
        "project": "ef6db556-f6df-474f-9abb-640aa1736384",
        "stat_date": "2019-05-01T22:12:48.973Z",
        "stat_key": "key",
        "stat_qualifier": "qualifier",
        "stat_value": "value"
    }
},
{
    "model": "api.projectstatistics",
    "pk": "cccb46ac-d998-4933-b85c-78543cf8b044",
    "fields": {
        "project": "6cc2a207-12f4-41c6-9eff-6d5d67ef0691",
        "stat_date": "2019-05-01T22:12:48.973Z",
        "stat_key": "key",
        "stat_qualifier": "qualifier",
        "stat_value": "value"
    }
},
{
    "model": "api.locationtype",
    "pk": "3a16f0c7-7be9-4fb8-9ee8-7248395e06e7",
    "fields": {
        "label": "location.type.database"
    }
},
{
    "model": "api.locationtype",
    "pk": "4acec0b3-d1e3-48d7-848b-b724b56cdb2b",
    "fields": {
        "label": "location.type.portal"
    }
},
{
    "model": "api.locationtype",
    "pk": "4ef2bf5a-ee68-4e5a-911f-31bb04058627",
    "fields": {
        "label": "location.type.server"
    }
},
{
    "model": "api.locationtype",
    "pk": "8851d904-c6e7-4d95-b189-c06b85bfb8d9",
    "fields": {
        "label": "location.type.other"
    }
},
{
    "model": "api.locationtype",
    "pk": "cb856b59-0a7a-4f47-891f-7632ee3fec16",
    "fields": {
        "label": "location.type.instrument"
    }
},
{
    "model": "api.locationtype",
    "pk": "faaaed1d-dc31-4047-ae08-9571b93b0e2f",
    "fields": {
        "label": "location.type.laptop"
    }
},
{
    "model": "api.locationtype",
    "pk": "fd39b7e6-86f9-4b26-8563-32eb3cb88a22",
    "fields": {
        "label": "location.type.desktop"
    }
},
{
    "model": "api.sensitivitylevel",
    "pk": "1f096e8e-0ba5-48ca-93f4-a84b8286b04d",
    "fields": {
        "label": "sensitivity.level.preexisting"
    }
},
{
    "model": "api.sensitivitylevel",
    "pk": "3365e6c7-5ada-4357-a3e7-42bd9ba1a9a6",
    "fields": {
        "label": "sensitivity.level.intellectualproperty"
    }
},
{
    "model": "api.sensitivitylevel",
    "pk": "52723147-3796-428f-899e-2865ab676a0f",
    "fields": {
        "label": "sensitivity.level.none"
    }
},
{
    "model": "api.sensitivitylevel",
    "pk": "595d06b2-d05e-4d63-a842-bbfe205134c7",
    "fields": {
        "label": "sensitivity.level.humansubjects"
    }
},
{
    "model": "api.sensitivitylevel",
    "pk": "72d5242a-75b4-461f-9c19-ce84495a4ca7",
    "fields": {
        "label": "sensitivity.level.governmentpartnership"
    }
},
{
    "model": "api.sensitivitylevel",
    "pk": "ad724976-f8c9-4cda-9e04-72773071f2d4",
    "fields": {
        "label": "sensitivity.level.harmtopublic"
    }
},
{
    "model": "api.sensitivitylevel",
    "pk": "d4808bdd-dc33-4f92-aaaf-e7fd19180789",
    "fields": {
        "label": "sensitivity.level.industrypartnership"
    }
},
{
    "model": "api.datacollectionmethod",
    "pk": "1a27ea05-d56a-492b-a05b-21f9877ad674",
    "fields": {
        "label": "datacollection.method.modelling"
    }
},
{
    "model": "api.datacollectionmethod",
    "pk": "25590403-1b2c-46fd-96e8-09151a129d76",
    "fields": {
        "label": "datacollection.method.focusgroup"
    }
},
{
    "model": "api.datacollectionmethod",
    "pk": "37ca2eb7-a6ed-4724-a33d-dc9674316aee",
    "fields": {
        "label": "datacollection.method.labwork"
    }
},
{
    "model": "api.datacollectionmethod",
    "pk": "6c744133-ac64-447b-9153-6b470a7dcdc3",
    "fields": {
        "label": "datacollection.method.interview"
    }
},
{
    "model": "api.datacollectionmethod",
    "pk": "9c035ae8-7f18-41f3-b493-7fc786559140",
    "fields": {
        "label": "datacollection.method.survey"
    }
},
{
    "model": "api.datacollectionmethod",
    "pk": "a99a3a24-da63-4e46-94e9-c1e3a8c46fee",
    "fields": {
        "label": "datacollection.method.census"
    }
},
{
    "model": "api.datacollectionmethod",
    "pk": "b5917e5d-919a-4f92-9d0f-3defdff85dc4",
    "fields": {
        "label": "datacollection.method.fieldwork"
    }
},
{
    "model": "api.datacollectionmethod",
    "pk": "b6c7f018-4aaf-48ae-9b6f-a090e6c73894",
    "fields": {
        "label": "datacollection.method.other"
    }
},
{
    "model": "api.datacollectionmethod",
    "pk": "f653a6ea-1262-4e0b-9524-1d5a822efee0",
    "fields": {
        "label": "datacollection.method.simulation"
    }
},
{
    "model": "api.distributionrestriction",
    "pk": "365f998e-d525-4505-8728-90fb5c99d598",
    "fields": {
        "label": "distribution.restriction.embargo"
    }
},
{
    "model": "api.distributionrestriction",
    "pk": "5334f652-45bf-49cd-bc7f-a529847cbe7c",
    "fields": {
        "label": "distribution.restriction.needpermissionfromindustry"
    }
},
{
    "model": "api.distributionrestriction",
    "pk": "8e9e49ff-a307-4373-98fc-d8fac1c22859",
    "fields": {
        "label": "distribution.restriction.none"
    }
},
{
    "model": "api.distributionrestriction",
    "pk": "9a0164ea-3c1e-4355-8c9b-283aeed9c036",
    "fields": {
        "label": "distribution.restriction.projectmembersonly"
    }
},
{
    "model": "api.distributionrestriction",
    "pk": "a4e124cd-e2c5-4938-aaa5-c43fd6eef09e",
    "fields": {
        "label": "distribution.restriction.needpermissionfromgovernment"
    }
},
{
    "model": "api.distributionrestriction",
    "pk": "f0776576-bb4a-418f-9559-1f82239fb3ce",
    "fields": {
        "label": "distribution.restriction.needpermissionfromprincipal"
    }
},
{
    "model": "api.datacollectionstatus",
    "pk": "144a7ee6-3b14-46e1-adbb-5f1034b31fd1",
    "fields": {
        "label": "datacollection.status.planned"
    }
},
{
    "model": "api.datacollectionstatus",
    "pk": "ad06a00e-21d9-4e65-8453-61f35befd9bb",
    "fields": {
        "label": "datacollection.status.complete"
    }
},
{
    "model": "api.datacollectionstatus",
    "pk": "db4dec28-85cb-4511-a938-1484e2f639f7",
    "fields": {
        "label": "datacollection.status.inprogress"
    }
},
{
    "model": "api.project",
    "pk": "69c35620-cca7-4fd6-a84e-35ff3b34b24a",
    "fields": {
        "group": "1cc80efd-83c6-488d-a722-73abdd4e5ce7",
        "name": "test",
        "number": "PRJ-1001",
        "keywords": "new new keywords",
        "primary_contact_user": "91048ba0-3ea4-4287-8f08-dca141db1fa9",
        "date_created": "2019-04-15T22:00:57.096Z",
        "date_updated": "2019-04-15T22:00:57.096Z"
    }
},
{
    "model": "api.project",
    "pk": "6cc2a207-12f4-41c6-9eff-6d5d67ef0691",
    "fields": {
        "group": "718aaa07-0891-4931-8c73-1304f4a21d0d",
        "name": "project 1",
        "number": "PRJ-1002",
        "keywords": "",
        "primary_contact_user": null,
        "date_created": "2019-04-11T14:59:05.649Z",
        "date_updated": "2019-04-11T14:59:05.649Z"
    }
},
{
    "model": "api.project",
    "pk": "979c001d-9fb8-4f81-a0da-46ebf5821c24",
    "fields": {
        "group": "9f9c5261-4167-4e77-9110-b3206b594091",
        "name": "project 2",
        "number": "PRJ-1022",
        "keywords": "",
        "primary_contact_user": null,
        "date_created": "2019-04-11T14:59:05.649Z",
        "date_updated": "2019-04-11T14:59:05.649Z"
    }
},
{
    "model": "api.project",
    "pk": "bb36c1df-cf62-45e5-bbb1-54ec3a36e9f4",
    "fields": {
        "group": "9f9c5261-4167-4e77-9110-b3206b594091",
        "name": "project 3",
        "number": "PRJ-1003",
        "keywords": "",
        "primary_contact_user": null,
        "date_created": "2019-04-11T14:59:19.466Z",
        "date_updated": "2019-04-11T14:59:19.466Z"
    }
},
{
    "model": "api.project",
    "pk": "ef6db556-f6df-474f-9abb-640aa1736384",
    "fields": {
        "group": "1cc80efd-83c6-488d-a722-73abdd4e5ce7",
        "name": "project 4",
        "number": "PRJ-1004",
        "keywords": "",
        "primary_contact_user": null,
        "date_created": "2019-04-11T14:59:12.145Z",
        "date_updated": "2019-04-11T14:59:12.145Z"
    }
},
{
    "model": "api.dataset",
    "pk": "7492d321-10c7-4cba-9891-e5db63b20bce",
    "fields": {
        "project": "6cc2a207-12f4-41c6-9eff-6d5d67ef0691",
        "title": "Research Is Fun",
        "abstract": "A bunch of people will be doing things. And stuff.",
        "study_site": "Saskatoon, SK",
        "distribution_restriction": "8e9e49ff-a307-4373-98fc-d8fac1c22859",
        "data_collection_status": "144a7ee6-3b14-46e1-adbb-5f1034b31fd1",
        "date_created": "2019-01-28T19:36:53.448Z",
        "date_updated": "2019-01-28T19:36:53.448Z"
    }
},
{
    "model": "api.dataset",
    "pk": "46e686c6-551a-4b31-a0e5-6a862d43bfce",
    "fields": {
        "project": "bb36c1df-cf62-45e5-bbb1-54ec3a36e9f4",
        "title": "Research Is Funner",
        "abstract": "A bunch of people will be doing things. And stuff.",
        "study_site": "Saskatoon, SK",
        "distribution_restriction": "8e9e49ff-a307-4373-98fc-d8fac1c22859",
        "data_collection_status": "144a7ee6-3b14-46e1-adbb-5f1034b31fd1",
        "date_created": "2019-01-28T19:36:53.448Z",
        "date_updated": "2019-01-28T19:36:53.448Z"
    }
},
{
    "model": "api.dataset",
    "pk": "6739882a-4bc5-4e1b-9159-18109c6b4464",
    "fields": {
        "project": "6cc2a207-12f4-41c6-9eff-6d5d67ef0691",
        "title": "Even More Research",
        "abstract": "More research, more stuff",
        "study_site": "Regina, SK",
        "distribution_restriction": "8e9e49ff-a307-4373-98fc-d8fac1c22859",
        "data_collection_status": "144a7ee6-3b14-46e1-adbb-5f1034b31fd1",
        "date_created": "2019-01-28T19:36:53.448Z",
        "date_updated": "2019-01-28T19:36:53.448Z"
    }
},
{
    "model": "api.datasetdatacollectionmethod",
    "pk": "f9d1402a-2301-4bf8-b4cd-70590e3ca4b7",
    "fields": {
        "dataset": "7492d321-10c7-4cba-9891-e5db63b20bce",
        "data_collection_method": "b6c7f018-4aaf-48ae-9b6f-a090e6c73894"
    }
},
{
    "model": "api.datasetsensitivity",
    "pk": "f12d0558-b8c1-4c5d-8ddc-599bb172f4b6",
    "fields": {
        "dataset": "7492d321-10c7-4cba-9891-e5db63b20bce",
        "sensitivity": "52723147-3796-428f-899e-2865ab676a0f"
    }
}
]
